pricing	Gói Pro có bao nhiêu seat?
pricing	Giá gói Business theo tháng là bao nhiêu vậy?
pricing	Mua theo năm có được giảm giá không shop?
pricing	gói free giới hạn bao nhiêu project vậy ad
pricing	Cho mình hỏi bảng giá cho team 20 người
pricing	Pro với Business khác nhau chỗ nào, giá chênh bao nhiêu?
pricing	co goi nao re hon goi pro khong
pricing	Thêm 1 user thì tính thêm bao nhiêu tiền?
pricing	Bên mình có ưu đãi cho sinh viên không ạ?
pricing	Giá đã bao gồm VAT chưa?
pricing	Nếu nâng cấp giữa tháng thì tính tiền thế nào?
pricing	Có dùng thử miễn phí gói Business không?
pricing	Thanh toán bằng chuyển khoản được không hay chỉ thẻ?
pricing	gói enterprise báo giá sao vậy, công ty mình khoảng 300 nhân sự
pricing	Dung lượng lưu trữ gói Pro là bao nhiêu GB?
pricing	how much is the pro plan per month?
pricing	Mình đang xài free, lên Pro thì mất bao nhiêu 1 tháng
pricing	Có mã giảm giá Black Friday không?
pricing	Tổ chức phi lợi nhuận có được giảm giá không?
pricing	Trả theo năm thì tiết kiệm được bao nhiêu phần trăm?
pricing	Cho xin báo giá chính thức có dấu đỏ để trình sếp
pricing	Gói Pro có giới hạn số lần gọi API không, vượt thì tính phí sao?
pricing	Có xuất hóa đơn đỏ khi mua gói năm không?
pricing	add-on lưu trữ thêm 100GB giá bao nhiêu
pricing	mua 50 seat có chiết khấu ko
pricing	Giá có tính theo USD hay VND vậy?
pricing	Có gói nào chỉ trả theo lượng dùng không?
pricing	Dùng thử 14 ngày xong có tự trừ tiền không?
pricing	Gói Starter có còn bán không hay bỏ rồi?
pricing	Giá gói Pro năm nay có tăng không?
pricing	Gói Business có gồm SSO không hay phải mua thêm?
pricing	e muốn hỏi giá gói team nhỏ 5 người
pricing	Có thể thanh toán qua MoMo không?
pricing	Bao nhiêu tiền để mở khóa tính năng báo cáo nâng cao?
pricing	so sánh giúp mình các gói với
pricing	Agency quản lý nhiều khách hàng thì nên mua gói nào cho rẻ?
pricing	Mua 2 năm một lần có giá tốt hơn không?
pricing	gói pro bn tiền v
pricing	Giá cho trường học thế nào ạ?
pricing	Phí setup ban đầu có không?
pricing	Hóa đơn tháng tới sẽ là bao nhiêu nếu mình thêm 3 người?
pricing	Cho hỏi chính sách giá cho reseller
pricing	Mình muốn mua thêm credit AI thì giá sao?
pricing	Có gói cá nhân cho freelancer không?
pricing	Pro plan có bao gồm hỗ trợ 24/7 không hay chỉ Business?
pricing	Gia han goi nam thi gia co giu nhu cu khong
pricing	Startup mới thành lập có chương trình hỗ trợ giá không?
pricing	Báo giá giúp mình 10 seat Business trả năm
pricing	Mức giá hiện tại có cam kết giữ trong bao lâu?
pricing	Giữa gói tháng và gói năm, cái nào lợi hơn nếu team hay thay đổi người?
pricing	Có tính phí cho tài khoản khách (guest) không?
pricing	Phí vượt dung lượng tính thế nào?
pricing	Thanh toán bằng PayPal được chứ?
pricing	Seat không dùng có được tính tiền không?
pricing	Giá trên web là giá mỗi người hay cả team?
pricing	Mình ở Singapore, giá có khác không?
pricing	bên bạn có gói lifetime không
pricing	Có giảm giá khi chuyển từ đối thủ sang không?
pricing	Gói nào có tính năng phân quyền chi tiết, giá bao nhiêu?
pricing	Muốn mua thêm 5 seat giữa kỳ thì trả bao nhiêu?
pricing	Hỏi chút: giá Pro 199k là tháng hay năm?
pricing	Có chương trình giới thiệu bạn bè nhận ưu đãi không?
pricing	Gói Business tối thiểu bao nhiêu user?
pricing	Giá API tính theo request hay theo token?
pricing	Nâng cấp lên Enterprise cần liên hệ ai để lấy giá?
pricing	Mình muốn biết chi phí tổng 1 năm cho 15 người dùng gói Pro
pricing	Có thể trả góp gói năm không?
pricing	Tính năng xuất PDF có trong gói free không hay phải trả tiền?
pricing	Bảng giá mới áp dụng từ khi nào?
pricing	gói cơ bản với gói pro hơn nhau bao nhiêu tiền 1 tháng z
complaint	Sao tháng này bị trừ tiền 2 lần vậy?
complaint	Tôi đã gửi ticket 3 ngày rồi mà chưa ai trả lời
complaint	Dịch vụ chăm sóc khách hàng quá tệ
complaint	Bị tính phí gói Business trong khi tôi chỉ đăng ký Pro
complaint	nhân viên tư vấn thái độ lồi lõm, rất bực
complaint	Tại sao giá tăng mà không thông báo trước?
complaint	Hóa đơn tháng này sai số tiền, kiểm tra lại giùm
complaint	Tôi rất thất vọng, hứa có tính năng báo cáo từ quý trước mà giờ vẫn chưa có
complaint	sao toi da huy dung thu ma van bi tru tien
complaint	Hệ thống sập cả buổi sáng làm team tôi mất nguyên ngày làm việc, ai chịu trách nhiệm?
complaint	Tôi yêu cầu hoàn tiền khoản bị trừ nhầm
complaint	Bên bạn làm ăn kiểu gì vậy, trừ tiền mà không gửi hóa đơn
complaint	Chờ chat hỗ trợ 45 phút không ai phản hồi
complaint	Mỗi lần update là giao diện thay đổi, khó dùng hơn hẳn, chán thật sự
complaint	Cam kết uptime 99.9% mà tháng này down mấy lần rồi
complaint	Bị charge tiền seat của người đã nghỉ việc từ tháng trước
complaint	Email marketing gửi quá nhiều, đã unsubscribe mà vẫn nhận
complaint	Sales hứa giảm 20% mà hóa đơn không thấy giảm
complaint	Thật sự quá thất vọng về chất lượng dịch vụ dạo gần đây
complaint	Hỗ trợ kỹ thuật trả lời kiểu copy paste, không giải quyết gì cả
complaint	tru tien 2 lan roi ma k ai giai thich
complaint	Tự nhiên khóa tài khoản của tôi không một lời báo trước, quá vô lý
complaint	Phí ẩn ở đâu ra vậy, lúc mua đâu có nói
complaint	Đã báo lỗi này 2 tuần trước, đến giờ vẫn chưa được sửa
complaint	Hoàn tiền hứa 7 ngày mà đã 1 tháng chưa thấy
complaint	Tại sao tôi phải trả tiền cho tính năng trước đây miễn phí?
complaint	Trải nghiệm tệ nhất từng gặp với một phần mềm SaaS
complaint	Mình bị trừ tiền gia hạn tự động mà không có email nhắc trước
complaint	Nhân viên hứa gọi lại mà không thấy đâu
complaint	Tốc độ app chậm như rùa, trả tiền Business mà vậy à
complaint	Dữ liệu của tôi bị mất sau đợt bảo trì, ai đền?
complaint	the support is terrible, nobody answers my emails
complaint	Thẻ bị trừ 3 lần cho cùng một hóa đơn!!!
complaint	Hóa đơn ghi sai tên công ty, đã yêu cầu sửa 2 lần rồi
complaint	Tại sao đổi chính sách mà không hỏi ý kiến khách hàng
complaint	Tôi không hài lòng với cách bên bạn xử lý sự cố hôm qua
complaint	bực mình ghê, lần thứ 3 trong tuần bị đăng xuất giữa chừng
complaint	Quảng cáo một đằng, sản phẩm một nẻo
complaint	Đề nghị bồi thường cho thời gian hệ thống ngừng hoạt động
complaint	Giá gói Pro tăng gần gấp đôi, quá vô lý
complaint	Sao app cứ gửi thông báo spam liên tục vậy, phiền quá
complaint	Chuyển khoản rồi mà tài khoản vẫn bị khóa vì chưa thanh toán
complaint	Phản ánh: nhân viên tên Minh tư vấn sai về tính năng
complaint	Đăng ký gói năm được 2 tháng thì bị bỏ tính năng tôi cần nhất
complaint	Tôi bị trừ tiền dù tài khoản đã bị hạ xuống free
complaint	khách hàng lâu năm mà bị đối xử thế này à
complaint	Báo cáo xuất ra sai số liệu làm tôi bị sếp khiển trách
complaint	Không chấp nhận được việc bảo trì giữa giờ làm việc mà không báo trước
complaint	Hotline gọi hoài không ai bắt máy
complaint	Tôi muốn khiếu nại về việc bị tính phí sai
complaint	Đã thanh toán nhưng vẫn bị giới hạn như tài khoản free
complaint	Mấy tháng nay chất lượng đi xuống thấy rõ
complaint	Sao phải chờ tới 5 ngày làm việc mới hoàn tiền vậy, chậm quá
complaint	Thật không thể tin là lỗi bảo mật như vậy mà không thông báo cho khách
complaint	chất lượng ko xứng với số tiền bỏ ra
complaint	Tôi bị trừ phí chuyển đổi ngoại tệ mà không ai nói trước
complaint	Bên bạn hủy lịch demo với tôi 2 lần rồi, thiếu chuyên nghiệp
complaint	Tôi đã yêu cầu xóa thẻ khỏi hệ thống nhưng vẫn bị trừ tiền
complaint	App mobile cập nhật xong mất hết dữ liệu offline, quá tệ
complaint	Không hiểu sao hóa đơn tháng này cao gấp đôi tháng trước
complaint	Đánh giá 1 sao cho dịch vụ hỗ trợ
complaint	Tôi rất bức xúc vì bị tính phí cho 10 seat trong khi team chỉ có 6 người
complaint	Người dùng trả tiền mà phải chịu quảng cáo trong app à?
complaint	Nói chuyện với bot mãi không gặp được người thật, bực
complaint	Tài khoản bị trừ tiền nhưng giao dịch báo thất bại
cancellation	Tôi muốn hủy gói Pro
cancellation	Làm sao để tắt tự động gia hạn?
cancellation	Hủy giúp mình gói đăng ký, không dùng nữa
cancellation	cho minh huy goi voi
cancellation	Xóa tài khoản và toàn bộ dữ liệu của tôi
cancellation	Muốn hạ từ Business xuống gói Free
cancellation	Tôi muốn dừng đăng ký từ tháng sau
cancellation	Dịch vụ tệ quá, hủy luôn cho tôi
cancellation	Team giải thể rồi, đóng tài khoản công ty giúp mình
cancellation	how do I cancel my subscription?
cancellation	Hủy gói năm thì có được hoàn tiền phần còn lại không?
cancellation	Không gia hạn nữa nhé, hết hạn thì thôi
cancellation	Bỏ bớt 5 seat khỏi gói của tôi
cancellation	Mình chuyển sang dùng phần mềm khác rồi, hủy giúp nhé
cancellation	Tôi muốn hủy, đừng trừ tiền thẻ của tôi nữa
cancellation	Nút hủy đăng ký nằm ở đâu vậy?
cancellation	Hủy dùng thử trước khi bị tính phí như thế nào?
cancellation	Tạm ngưng tài khoản 3 tháng được không?
cancellation	huỷ gói giùm e, hết tiền r
cancellation	Tôi muốn chấm dứt hợp đồng enterprise trước hạn
cancellation	Unsubscribe gói trả phí giúp mình
cancellation	Công ty quyết định không dùng tiếp, thủ tục hủy thế nào?
cancellation	Hạ gói xuống Pro từ kỳ thanh toán tới
cancellation	Gỡ thẻ tín dụng và hủy gia hạn tự động
cancellation	Đóng workspace này lại giúp mình, mình không cần nữa
cancellation	Cho tôi hủy ngay hôm nay
cancellation	Đã quyết định rời đi, vui lòng hủy tài khoản
cancellation	Hủy gói rồi thì dữ liệu còn giữ được bao lâu?
cancellation	Tôi muốn hủy add-on lưu trữ thêm
cancellation	Làm ơn hủy gia hạn, tôi không còn nhu cầu
cancellation	Sếp bảo cắt chi phí, mình cần hủy gói Business
cancellation	cancel giúp mình gói tháng này
cancellation	Muốn ngừng dịch vụ, cần báo trước bao lâu?
cancellation	Chuyển tài khoản về gói miễn phí giúp mình
cancellation	Hủy subscription và xóa thông tin thanh toán của tôi
tech_support	Không đăng nhập được, báo sai mật khẩu dù đã reset
tech_support	Làm sao để tích hợp với Google Calendar?
tech_support	App bị trắng màn hình khi mở trên iPhone
tech_support	API trả về lỗi 401 dù token còn hạn
tech_support	Cách xuất dữ liệu ra file Excel?
tech_support	không nhận được email xác thực
tech_support	Đồng bộ với Slack bị lỗi từ hôm qua
tech_support	Làm sao thêm thành viên vào workspace?
tech_support	Upload file lớn hơn 100MB bị lỗi
tech_support	Webhook không gửi event về server của mình
tech_support	Quên mật khẩu mà không nhận được mail reset
tech_support	Cách bật xác thực 2 lớp?
tech_support	how to set up SSO with Okta?
tech_support	bị lỗi 500 khi lưu task
tech_support	Không thấy nút xuất báo cáo đâu cả
tech_support	Làm sao đổi email đăng nhập?
tech_support	App Android crash khi bấm vào thông báo
tech_support	Import file CSV bị lỗi font tiếng Việt
tech_support	API rate limit là bao nhiêu request/phút?
tech_support	Dashboard load rất chậm, có cách nào khắc phục không?
tech_support	lam sao de phan quyen chi xem cho khach hang
tech_support	Mã OTP không về điện thoại
tech_support	Tích hợp Zapier báo lỗi authentication failed
tech_support	Cách khôi phục project đã xóa?
tech_support	Thông báo đẩy trên máy tính không hiện
tech_support	Trình duyệt Safari không hiển thị được biểu đồ
tech_support	Làm sao tạo API key mới?
tech_support	Đổi múi giờ hiển thị ở đâu vậy?
tech_support	Mình vừa thanh toán, cần làm gì để kích hoạt tính năng Pro?
tech_support	Không kết nối được với Google Drive
tech_support	Cách đặt lịch gửi báo cáo tự động hằng tuần?
tech_support	sync bị duplicate task, xử lý sao
tech_support	Lỗi "Session expired" liên tục khi đang làm việc
tech_support	Mình muốn chuyển dữ liệu từ Trello sang thì làm thế nào?
tech_support	Làm sao tắt thông báo email?
tech_support	Không mời được người ngoài domain công ty
tech_support	Cách cài app trên Windows?
tech_support	API endpoint lấy danh sách task bị timeout
tech_support	Không xóa được thành viên đã nghỉ khỏi workspace
tech_support	Cách tạo template cho project?
tech_support	Bị mất định dạng khi copy từ Word vào
tech_support	Chế độ offline hoạt động thế nào?
tech_support	Ảnh đại diện upload không lên
tech_support	Làm sao chuyển quyền owner cho người khác?
tech_support	tài khoản bị khóa sau 5 lần nhập sai, mở lại sao ạ
tech_support	SDK Python có hỗ trợ async không?
tech_support	Báo cáo bị lệch số so với dữ liệu thực tế, kiểm tra giúp mình
tech_support	Không thấy dữ liệu tuần trước trên dashboard
tech_support	Cách kết nối với Power BI?
tech_support	Lỗi CORS khi gọi API từ frontend
tech_support	Xuất PDF bị lỗi font
tech_support	Làm sao để bật dark mode?
tech_support	tìm kiếm không ra kết quả dù task có tồn tại
tech_support	Cách giới hạn IP truy cập workspace?
tech_support	Đổi ngôn ngữ giao diện sang tiếng Việt ở đâu?
tech_support	SAML config xong vẫn không login được
tech_support	Không nhận được thông báo khi được giao việc
tech_support	Làm sao để backup toàn bộ dữ liệu?
tech_support	Biểu đồ Gantt không hiển thị đúng ngày
tech_support	cách dùng phím tắt trong app
tech_support	Mình bị đăng xuất khỏi app mobile liên tục, cách khắc phục?
tech_support	Lỗi khi thanh toán bằng thẻ Visa, báo declined
tech_support	Không đổi được tên workspace
tech_support	Cách thiết lập trường tùy chỉnh (custom field)?
tech_support	Tích hợp GitHub để tự đóng task khi merge PR thế nào?
tech_support	Video hướng dẫn sử dụng có ở đâu không?
tech_support	file đính kèm không mở được trên điện thoại
tech_support	Làm sao gộp hai workspace lại?
tech_support	Lịch sử chỉnh sửa xem ở đâu?
tech_support	Không nhận được hóa đơn qua email, cấu hình email nhận hóa đơn ở đâu?
tech_support	Workflow tự động không chạy đúng điều kiện
tech_support	Làm thế nào để khôi phục tài khoản bị hack?
tech_support	Có hỗ trợ đăng nhập bằng Microsoft không, cấu hình sao?
tech_support	Lỗi 429 Too Many Requests khi gọi API
tech_support	Cài extension Chrome xong không thấy icon
other	Chào bạn
other	Cảm ơn nhiều nhé, đã giải quyết xong rồi
other	Bên bạn có tuyển dụng vị trí backend không?
other	Mình muốn hợp tác làm đối tác phân phối
other	Hôm nay trời đẹp quá
other	Đề xuất: thêm tính năng chế độ xem lịch theo tuần
other	ok
other	Văn phòng công ty ở đâu vậy?
other	Mình là phóng viên, muốn phỏng vấn CEO
other	hi
other	Bot ơi bạn tên gì?
other	App xịn lắm, team mình rất thích
other	Có sự kiện offline nào sắp tới không?
other	Mình muốn viết bài review sản phẩm, liên hệ ai?
other	Giờ làm việc của bộ phận hỗ trợ là mấy giờ?
other	thanks
other	Kể chuyện cười đi
other	Công ty bạn thành lập năm nào?
other	Có tài liệu nghiên cứu điển hình (case study) nào không?
other	Gợi ý thêm tích hợp với Zalo nhé
other	Mình đang làm luận văn về phần mềm quản lý dự án, xin phỏng vấn được không?
other	Diễn đàn cộng đồng của sản phẩm ở đâu?
other	Bạn có thể giới thiệu về sản phẩm một chút không?
other	asdfgh
other	Lộ trình sản phẩm năm sau có gì mới?
other	Cho mình xin số hotline
other	Xin chào, mình mới biết đến sản phẩm
other	Mình muốn tham gia chương trình beta tester
other	Công ty có chứng nhận ISO 27001 không?
other	Có webinar hướng dẫn nào sắp tới không?
other	Tuyệt vời, cảm ơn team support đã hỗ trợ nhanh
other	Bạn có phải người thật không?
other	Mình muốn gửi CV ứng tuyển
other	Thời tiết Hà Nội mai thế nào?
other	Đề nghị cho phép đổi màu chủ đề tùy ý
other	Sản phẩm có trên App Store chưa?
other	Có đại lý ở Đà Nẵng không?
other	đúng rồi
other	Bên bạn có tài trợ cho sự kiện sinh viên không?
other	Muốn gửi lời khen đến bạn Lan bên support
other	Mình sẽ giới thiệu cho bạn bè dùng thử
other	Ai là founder của công ty?
other	Có thể demo trực tiếp cho team mình không?
other	Có bản tiếng Anh của tài liệu điều khoản sử dụng không?
other	Cho mình xin logo để làm slide giới thiệu đối tác
other	:)))
other	Chúc team một ngày tốt lành
other	Sản phẩm bên bạn khác gì Jira?
other	Mình muốn đóng góp bản dịch tiếng Việt
other	Bạn trả lời nhanh thật đấy
other	Có podcast hay blog nào của công ty không?
other	Hãy viết giúp tôi bài thơ về mùa thu
other	Đợi chút nhé, để mình hỏi sếp đã
other	Có kênh Discord cộng đồng không?
other	Muốn đặt lịch gặp để trao đổi hợp tác truyền thông
