threshold,routed_pct,macro_f1,cost_per_100k,p95_ms,p50_ms
0.0,0.0,0.8859163776575212,0.0,0.8601250010542572,0.6114443337234358
0.01,0.0,0.8859163776575212,0.0,0.8601250010542572,0.6114443337234358
0.02,0.0,0.8859163776575212,0.0,0.8601250010542572,0.6114443337234358
0.03,0.0,0.8859163776575212,0.0,0.8601250010542572,0.6114443337234358
0.04,0.0,0.8859163776575212,0.0,0.8601250010542572,0.6114443337234358
0.05,0.0,0.8859163776575212,0.0,0.8601250010542572,0.6114443337234358
0.06,0.0,0.8859163776575212,0.0,0.8601250010542572,0.6114443337234358
0.07,0.0,0.8859163776575212,0.0,0.8601250010542572,0.6114443337234358
0.08,0.0,0.8859163776575212,0.0,0.8601250010542572,0.6114443337234358
0.09,0.0,0.8859163776575212,0.0,0.8601250010542572,0.6114443337234358
0.1,0.0,0.8859163776575212,0.0,0.8601250010542572,0.6114443337234358
0.11,0.0,0.8859163776575212,0.0,0.8601250010542572,0.6114443337234358
0.12,0.0,0.8859163776575212,0.0,0.8601250010542572,0.6114443337234358
0.13,0.0,0.8859163776575212,0.0,0.8601250010542572,0.6114443337234358
0.14,0.0,0.8859163776575212,0.0,0.8601250010542572,0.6114443337234358
0.15,0.0,0.8859163776575212,0.0,0.8601250010542572,0.6114443337234358
0.16,0.0,0.8859163776575212,0.0,0.8601250010542572,0.6114443337234358
0.17,0.0,0.8859163776575212,0.0,0.8601250010542572,0.6114443337234358
0.18,0.0,0.8859163776575212,0.0,0.8601250010542572,0.6114443337234358
0.19,0.0,0.8859163776575212,0.0,0.8601250010542572,0.6114443337234358
0.2,0.0,0.8859163776575212,0.0,0.8601250010542572,0.6114443337234358
0.21,0.0,0.8859163776575212,0.0,0.8601250010542572,0.6114443337234358
0.22,0.0,0.8859163776575212,0.0,0.8601250010542572,0.6114443337234358
0.23,0.0,0.8859163776575212,0.0,0.8601250010542572,0.6114443337234358
0.24,0.0,0.8859163776575212,0.0,0.8601250010542572,0.6114443337234358
0.25,0.0,0.8859163776575212,0.0,0.8601250010542572,0.6114443337234358
0.26,0.0,0.8859163776575212,0.0,0.8601250010542572,0.6114443337234358
0.27,0.1176470588235294,0.8869672965085394,0.0038052941176470586,0.8671526641895374,0.6114443337234358
0.28,0.2352941176470588,0.8877869137906442,0.007610588235294117,0.8671526641895374,0.6114443337234358
0.29,0.2352941176470588,0.8877869137906442,0.007610588235294117,0.8671526641895374,0.6114443337234358
0.3,0.29411764705882354,0.8877869137906442,0.009513235294117647,0.8671526641895374,0.6114443337234358
0.31,0.411764705882353,0.8889364288666883,0.013318529411764708,0.8797500049695373,0.6116596729649851
0.32,0.6470588235294118,0.8897581218993935,0.020929117647058824,0.8797500049695373,0.6118750122065345
0.33,0.7647058823529412,0.8903981360481843,0.024734411764705883,0.8981249993667006,0.6118750122065345
0.34,1.0,0.8929353732866113,0.032345,0.8981249993667006,0.6118750122065345
0.35,1.2941176470588236,0.8947135463122077,0.04185823529411765,0.8984026693118116,0.6132223449336985
0.36,1.588235294117647,0.8957923047404481,0.05137147058823529,0.8994166661674777,0.6132223449336985
0.37,2.0588235294117645,0.8973913250218715,0.06659264705882353,0.9231943404302001,0.6140693440102041
0.38,2.3529411764705883,0.899335298766702,0.07610588235294118,0.9300833335146308,0.6140693440102041
0.39,2.823529411764706,0.9017270536994568,0.09132705882352941,0.9315279894508421,0.6141529884189367
0.4,3.294117647058824,0.9038041492045952,0.10654823529411767,0.966305669862777,0.6151806640749177
0.41,3.5882352941176467,0.9044092929262291,0.1160614705882353,0.9714903862914024,0.6162916639974962
0.42,3.7647058823529407,0.904878493008391,0.12176941176470588,1.069999998435378,0.6174026639200747
0.43,4.411764705882353,0.906891174114455,0.14269852941176472,1.1356109947276611,0.6176873381870489
0.44,4.823529411764706,0.9089071851060723,0.15601705882352943,1.1748665448976323,0.617972012454023
0.45,5.411764705882352,0.9095715741999649,0.1750435294117647,673.75655638801,0.617972012454023
0.46,6.235294117647059,0.9118258919408732,0.20168058823529414,696.4012635454612,0.61831931816414
0.47,6.8235294117647065,0.9123951847373686,0.22070705882352942,709.6241248994676,0.6188333306151131
0.48,7.352941176470589,0.915954556230191,0.2378308823529412,716.3737514390958,0.619055664477249
0.49,8.117647058823529,0.9186094037430792,0.26256529411764706,724.0650540295368,0.619055664477249
0.5,8.882352941176471,0.9191866107474771,0.28729970588235293,727.3441149135275,0.619055664477249
0.51,9.470588235294118,0.9207757933725403,0.30632617647058824,735.0945933770466,0.6210553304602703
0.52,10.294117647058822,0.9225886724539469,0.33296323529411764,740.6434400385479,0.6240833317860961
0.53,10.941176470588236,0.9220790766057414,0.3538923529411765,744.6650843737491,0.6249306607060134
0.54,11.529411764705882,0.9236772891922047,0.3729188235294118,755.521761807419,0.6259860044034818
0.55,12.176470588235293,0.9262239755393467,0.3938479411764706,756.8966703377857,0.6266390167487165
0.56,12.823529411764707,0.9277970565430633,0.41477705882352944,757.9835193842882,0.6271943372363845
0.57,13.352941176470587,0.9286938606973937,0.43190088235294116,758.0306458636187,0.6280416661563019
0.58,13.705882352941176,0.9297115315076889,0.4433167647058824,758.8239629491,0.6303750172567865
0.59,14.294117647058824,0.9338462764311354,0.4623432352941177,759.7693860967411,0.6306736710636567
0.6,15.11764705882353,0.9357190649207402,0.4889802941176471,768.148773284338,0.63166666465501
0.61,15.88235294117647,0.9371231494369787,0.5137147058823529,770.7219831087665,0.6325973275428017
0.62,16.76470588235294,0.9376986130532339,0.5422544117647059,774.4114639125959,0.6330833227063218
0.63,17.647058823529413,0.940650897630509,0.5707941176470589,775.5078996827554,0.6354166738068064
0.64,18.470588235294116,0.9416594217657058,0.5974311764705882,783.3023516238125,0.6391946808435023
0.65,19.176470588235293,0.9426950590785523,0.6202629411764706,785.3688535998419,0.6401250138878822
0.66,20.352941176470587,0.9464660340267503,0.6583158823529411,785.9486444848395,0.6438333269519111
0.67,21.352941176470587,0.9456189522765408,0.6906608823529412,793.3293371694162,0.6482916651293635
0.68,22.0,0.9450302002975766,0.7115900000000001,794.9286425922764,0.6507636668781439
0.69,22.647058823529413,0.9460624504644992,0.7325191176470589,795.085303102193,0.6514931737910956
0.7,23.52941176470588,0.9460624504644992,0.7610588235294118,796.8270052534838,0.6550279989217719
0.71,24.352941176470587,0.9466316040586082,0.7876958823529412,800.4575909493724,0.6591250033428272
0.72,24.88235294117647,0.9477334811011827,0.804819705882353,804.0293943335806,0.660111002313594
0.73,25.823529411764707,0.9476579332911212,0.8352620588235294,805.7120280597397,0.661514000967145
0.74,26.647058823529413,0.9482340200885302,0.8618991176470588,806.1986500377922,0.6675833331731459
0.75,27.47058823529412,0.9473001544002979,0.8885361764705884,807.355021731928,0.6693473357396821
0.76,28.47058823529412,0.9483687987448178,0.9208811764705883,807.6778462787237,0.6698886669861773
0.77,29.58823529411765,0.948922146746759,0.9570314705882353,810.7242984318873,0.6764443241991103
0.78,30.76470588235294,0.9474474323410389,0.9950844117647059,815.8521294196058,0.6805624968061844
0.79,31.705882352941178,0.9480163595236281,1.0255267647058826,815.9207954265488,0.6825833309752246
0.8,33.05882352941176,0.9474228877135392,1.0692876470588235,818.9458029723027,0.69154166461279
0.81,34.470588235294116,0.9481960516211597,1.1149511764705884,829.7728504442299,0.6974999948094288
0.82,36.05882352941177,0.9487830955634724,1.1663226470588237,834.6707674800807,0.7020553263525168
0.83,37.70588235294118,0.9496510653816561,1.2195967647058825,834.8105061634366,0.7111390004865825
0.84,39.470588235294116,0.9485529911701768,1.2766761764705883,834.9628605113442,0.7288196550992628
0.85,40.529411764705884,0.9485529911701768,1.3109238235294118,837.6172277921189,0.7398889865726233
0.86,41.76470588235294,0.9493944839764457,1.350879411764706,837.8414029265211,0.7528473312656084
0.87,43.529411764705884,0.9487945253628745,1.4079588235294118,838.370917457117,0.7740276632830501
0.88,45.529411764705884,0.9488732889919232,1.472648823529412,842.9445770957196,0.81204167023922
0.89,47.94117647058824,0.9493739083649458,1.5506573529411767,844.5693151055214,0.8994166661674777
0.9,50.294117647058826,0.9493019652932253,1.6267632352941177,848.7484752316959,602.6927013299428
0.91,52.70588235294118,0.9490324693975737,1.7047717647058827,851.4830511752128,654.3954719963949
0.92,55.00000000000001,0.9481720217904004,1.7789750000000002,853.0036151447954,669.1611810092581
0.93,57.647058823529406,0.9475923186923707,1.8645941176470588,853.2148763450095,676.9475416804198
0.94,60.94117647058823,0.948405300068111,1.9711423529411765,854.4616377834851,684.2127918401577
0.95,64.94117647058823,0.948405300068111,2.1005223529411765,868.1940701712545,694.6226806903724
0.96,69.0,0.9489715945090038,2.231805,870.2680264376492,702.2753263202806
0.97,74.0,0.9478113039012326,2.39353,871.1424305530575,707.3899448199276
0.98,80.3529411764706,0.9473975833136447,2.5990158823529415,872.4730790524821,716.3323618297
0.99,88.8235294117647,0.9473975833136447,2.8729970588235294,890.4617763890807,725.5978965161679
1.0,100.0,0.9468152692749594,3.2345,910.7615877214508,736.6914094891399
