method,keep_frac,rare_share_train,balanced,fold,macro_f1,rare_precision,rare_recall,rare_f1
A,1.0,0.10514705882352941,False,0,0.8686158305565087,1.0,0.7428571428571429,0.8524590163934426
A,1.0,0.10514705882352941,True,0,0.8709809889013759,1.0,0.7714285714285715,0.8709677419354839
A,1.0,0.10514705882352941,False,1,0.8750092040865134,0.967741935483871,0.8571428571428571,0.9090909090909091
A,1.0,0.10514705882352941,True,1,0.8814692308447338,0.96875,0.8857142857142857,0.9253731343283582
A,1.0,0.10441176470588236,False,2,0.8845965804417165,0.96875,0.8611111111111112,0.9117647058823529
A,1.0,0.10441176470588236,True,2,0.8940976334234041,0.9696969696969697,0.8888888888888888,0.927536231884058
A,1.0,0.10441176470588236,False,3,0.8871520405792224,1.0,0.9444444444444444,0.9714285714285714
A,1.0,0.10441176470588236,True,3,0.9009767662399242,1.0,1.0,1.0
A,1.0,0.10441176470588236,False,4,0.8736093079487339,0.9032258064516129,0.7777777777777778,0.835820895522388
A,1.0,0.10441176470588236,True,4,0.8811151209241881,0.8571428571428571,0.8333333333333334,0.8450704225352113
A,0.25,0.028731045490822026,False,0,0.8081529669881116,1.0,0.42857142857142855,0.6
A,0.25,0.028731045490822026,True,0,0.8396729244555861,1.0,0.5714285714285714,0.7272727272727273
A,0.25,0.028731045490822026,False,1,0.8402284799226717,1.0,0.6,0.75
A,0.25,0.028731045490822026,True,1,0.8616092929062157,0.9629629629629629,0.7428571428571429,0.8387096774193549
A,0.25,0.028708133971291867,False,2,0.8471124486885568,1.0,0.6111111111111112,0.7586206896551724
A,0.25,0.028708133971291867,True,2,0.8760363681023448,0.9655172413793104,0.7777777777777778,0.8615384615384616
A,0.25,0.028708133971291867,False,3,0.8442688525535147,1.0,0.6666666666666666,0.8
A,0.25,0.028708133971291867,True,3,0.8660348429704461,1.0,0.8055555555555556,0.8923076923076924
A,0.25,0.028708133971291867,False,4,0.839110394641691,1.0,0.5555555555555556,0.7142857142857143
A,0.25,0.028708133971291867,True,4,0.8729915514358545,1.0,0.7222222222222222,0.8387096774193549
B,1.0,0.10514705882352941,False,0,0.8722908382291319,1.0,0.7428571428571429,0.8524590163934426
B,1.0,0.10514705882352941,True,0,0.8730399902556101,0.9629629629629629,0.7428571428571429,0.8387096774193549
B,1.0,0.10514705882352941,False,1,0.9274352534483515,0.9705882352941176,0.9428571428571428,0.9565217391304348
B,1.0,0.10514705882352941,True,1,0.9232219437482595,0.9428571428571428,0.9428571428571428,0.9428571428571428
B,1.0,0.10441176470588236,False,2,0.9057625394704647,0.9696969696969697,0.8888888888888888,0.927536231884058
B,1.0,0.10441176470588236,True,2,0.9057883680246693,0.8918918918918919,0.9166666666666666,0.9041095890410958
B,1.0,0.10441176470588236,False,3,0.8974890696589768,0.9696969696969697,0.8888888888888888,0.927536231884058
B,1.0,0.10441176470588236,True,3,0.9002987870676135,0.9428571428571428,0.9166666666666666,0.9295774647887324
B,1.0,0.10441176470588236,False,4,0.9113351193900885,0.9459459459459459,0.9722222222222222,0.958904109589041
B,1.0,0.10441176470588236,True,4,0.9075721380267139,0.9210526315789473,0.9722222222222222,0.9459459459459459
B,0.25,0.028731045490822026,False,0,0.8066506648559194,1.0,0.42857142857142855,0.6
B,0.25,0.028731045490822026,True,0,0.8617951325458341,1.0,0.6857142857142857,0.8135593220338984
B,0.25,0.028731045490822026,False,1,0.8857111709424622,1.0,0.7142857142857143,0.8333333333333334
B,0.25,0.028731045490822026,True,1,0.9148712800886714,1.0,0.8857142857142857,0.9393939393939394
B,0.25,0.028708133971291867,False,2,0.8693250180779369,0.96,0.6666666666666666,0.7868852459016393
B,0.25,0.028708133971291867,True,2,0.9029214067121437,0.967741935483871,0.8333333333333334,0.8955223880597015
B,0.25,0.028708133971291867,False,3,0.8669073389979302,1.0,0.6944444444444444,0.819672131147541
B,0.25,0.028708133971291867,True,3,0.8997347418828999,0.9696969696969697,0.8888888888888888,0.927536231884058
B,0.25,0.028708133971291867,False,4,0.8749917250101008,1.0,0.6944444444444444,0.819672131147541
B,0.25,0.028708133971291867,True,4,0.903491780099251,0.9428571428571428,0.9166666666666666,0.9295774647887324
C,1.0,0.10514705882352941,False,0,0.8490026886576482,0.9565217391304348,0.6285714285714286,0.7586206896551724
C,1.0,0.10514705882352941,True,0,0.8531792533305479,1.0,0.6571428571428571,0.7931034482758621
C,1.0,0.10514705882352941,False,1,0.8879769558231063,1.0,0.8285714285714286,0.90625
C,1.0,0.10514705882352941,True,1,0.8967580900502778,1.0,0.8571428571428571,0.9230769230769231
C,1.0,0.10441176470588236,False,2,0.8827283750265105,0.9354838709677419,0.8055555555555556,0.8656716417910447
C,1.0,0.10441176470588236,True,2,0.8828082293944919,0.9117647058823529,0.8611111111111112,0.8857142857142857
C,1.0,0.10441176470588236,False,3,0.8683986218238863,0.9655172413793104,0.7777777777777778,0.8615384615384616
C,1.0,0.10441176470588236,True,3,0.8586336940880056,0.9032258064516129,0.7777777777777778,0.835820895522388
C,1.0,0.10441176470588236,False,4,0.8888807824705074,0.9142857142857143,0.8888888888888888,0.9014084507042254
C,1.0,0.10441176470588236,True,4,0.9036028819937754,0.9428571428571428,0.9166666666666666,0.9295774647887324
C,0.25,0.028731045490822026,False,0,0.8009038481320913,1.0,0.37142857142857144,0.5416666666666666
C,0.25,0.028731045490822026,True,0,0.8192963509151123,1.0,0.42857142857142855,0.6
C,0.25,0.028731045490822026,False,1,0.814503674111154,1.0,0.42857142857142855,0.6
C,0.25,0.028731045490822026,True,1,0.8517802512306083,1.0,0.5428571428571428,0.7037037037037037
C,0.25,0.028708133971291867,False,2,0.8340435231134098,1.0,0.5555555555555556,0.7142857142857143
C,0.25,0.028708133971291867,True,2,0.8360104940838624,0.9523809523809523,0.5555555555555556,0.7017543859649122
C,0.25,0.028708133971291867,False,3,0.8281643773907744,0.9523809523809523,0.5555555555555556,0.7017543859649122
C,0.25,0.028708133971291867,True,3,0.8377052375624036,1.0,0.6111111111111112,0.7586206896551724
C,0.25,0.028708133971291867,False,4,0.8125077826469758,1.0,0.4166666666666667,0.5882352941176471
C,0.25,0.028708133971291867,True,4,0.8520652901790309,1.0,0.5833333333333334,0.7368421052631579
